Mon Dec 28 22:06:09 +0000 2015,681597026212134912,"<a href=""http://twitter.com"" rel=""nofollow"">Twitter Web Client</a>",sevketzaim,"Ankara, TÃ¼rkiye",,,TÃ¼rkiye'de kamunun yaÅŸadÄ±ÄŸÄ± iletiÅŸim(sizlik) sÄ±kÄ±ntÄ±sÄ± Nic.tr'de de var. Duyuru yapmak iÃ§in neden 7 gÃ¼n beklenir? https://t.co/NzG6gdHrJ3
Mon Dec 28 22:05:19 +0000 2015,681596816954159104,"<a href=""http://twitter.com"" rel=""nofollow"">Twitter Web Client</a>",sevketzaim,"Ankara, TÃ¼rkiye",,,"TÃ¼rkiye'nin en Ã¼st seviye internet alan adÄ± .tr'yi yÃ¶neten ODTÃœ'deki Nic.tr, 14 AralÄ±kta baÅŸlayan saldÄ±rÄ±lar iÃ§in 21 AralÄ±kta duyuru yapÄ±yor"
Mon Dec 28 19:30:45 +0000 2015,681557920388091905,"<a href=""http://twitter.com"" rel=""nofollow"">Twitter Web Client</a>",EmrCrk,Ä°stanbul,,,Nic.tr'nin yaÅŸadÄ±ÄŸÄ± DDoS problemi Ã¼zerine... https://t.co/5WDgTBNmex via @voransoy
Mon Dec 28 18:42:16 +0000 2015,681545718251782144,"<a href=""http://twitter.com"" rel=""nofollow"">Twitter Web Client</a>",MnireKaraman,,,,"RT @abdullahciftcib: 3-HÃ¼kÃ¼met, ODTÃœ'den ""nic.tr"" hizmetini devralmak istiyor. Yasa Ã§Ä±kartÄ±n hemen alÄ±n. ABD/ICANN yasa olmadan vermez."
Mon Dec 28 17:30:48 +0000 2015,681527734678454273,"<a href=""https://about.twitter.com/products/tweetdeck"" rel=""nofollow"">TweetDeck</a>",ahmetasabanci,Turkey,,,@JDeLuccia Hope so and I hope NIC.tr will share more detailed info soon so everyone can work on this important experience.
Mon Dec 28 17:16:10 +0000 2015,681524051370749952,"<a href=""http://sites.google.com/site/yorufukurou/"" rel=""nofollow"">YoruFukurou</a>",JDeLuccia,U.S.,,,"@ahmetasabanci To that point, why not have the Nic.tr publish a file for download as a short term fix w/ direct translations? #cyber"
Mon Dec 28 15:14:23 +0000 2015,681493402517651456,"<a href=""http://twitter.com"" rel=""nofollow"">Twitter Web Client</a>",kevinmiston,last seen recently,,,"@soheilr7 Ú†Ø±Ø§ Ø§ÛŒÙ† Ú©Ø§Ø± Ù‡Ù… Ù‡Ú© Ù‡Ø³ØªØ› Ø§Ù…Ø§ Ù‡Ú© 400K Ø³Ø§ÛŒØª Ù†ÛŒØ³Øª.
nic.tr Ø±Ùˆ DDOS Ú©Ø±Ø¯Ù† Ùˆ Ø§ÛŒÙ† Ø³Ø§ÛŒØª Ù‡Ø§ ÙØ¹Ù„Ø§ Ø¯Ø± Ø¯Ø³ØªØ±Ø³ Ù†ÛŒØ³ØªÙ†"
Mon Dec 28 13:13:39 +0000 2015,681463019998736384,"<a href=""http://twitter.com/download/android"" rel=""nofollow"">Twitter for Android</a>",FeryatBen,"ÃœT: 51.249862,29.077097",,,"Nic.tr alt yapÄ±sÄ± tamamen BTKâ€™ya geÃ§ecek ve teknik alt yapÄ±dan, hizmet saÄŸlayan personele kadar kapsamlÄ± bir deÄŸiÅŸim yaÅŸanacak."
Mon Dec 28 08:58:07 +0000 2015,681398712090886144,"<a href=""http://twitter.com"" rel=""nofollow"">Twitter Web Client</a>",ixmailsaygili,Ä°stanbul,,,RT @voransoy: Nic.tr'nin yaÅŸadÄ±ÄŸÄ± DDoS problemi Ã¼zerine... https://t.co/RZUhFj8SLX https://t.co/yrArhCo67G
Mon Dec 28 08:34:08 +0000 2015,681392675883331585,"<a href=""http://twitter.com"" rel=""nofollow"">Twitter Web Client</a>",turkinternet,Turkey,,,RT @kayhankayihan: Nic.tr'nin yaÅŸadÄ±ÄŸÄ± DDoS problemi Ã¼zerine... https://t.co/yfWAbxIvnC via @voransoy
Mon Dec 28 08:08:08 +0000 2015,681386134820249600,"<a href=""http://twitter.com"" rel=""nofollow"">Twitter Web Client</a>",sedatcans,Ä°stanbul,,,Nic.tr'nin yaÅŸadÄ±ÄŸÄ± DDoS problemi Ã¼zerine... https://t.co/DJJqcN1N6n via @voransoy
Mon Dec 28 07:22:46 +0000 2015,681374716611944452,"<a href=""http://twitter.com/download/iphone"" rel=""nofollow"">Twitter for iPhone</a>",artraksiyon,Ä°STANBUL,,,Bu nic.tr ne kadar rahat arkadaÅŸ? BunlarÄ± denetleyen bi kurum yok mu ya? 40 saatte bir dns deÄŸiÅŸikliÄŸi yapÄ±lmaz mÄ±? GevÅŸeksin #odtÃ¼
Mon Dec 28 05:08:08 +0000 2015,681340836869746688,"<a href=""http://twitter.com/download/android"" rel=""nofollow"">Twitter for Android</a>",aslandeniz1980,yok#,,,RT @kayhankayihan: Nic.tr'nin yaÅŸadÄ±ÄŸÄ± DDoS problemi Ã¼zerine... https://t.co/yfWAbxIvnC via @voransoy
Mon Dec 28 01:04:06 +0000 2015,681279420934533128,"<a href=""http://twitter.com"" rel=""nofollow"">Twitter Web Client</a>",SiberSaldiriCom,,,,Nic.tr'den sonra Bankalara siber saldÄ±rÄ±... https://t.co/z1JdAMda6z
Sun Dec 27 22:51:32 +0000 2015,681246062045196292,"<a href=""http://twitter.com/download/android"" rel=""nofollow"">Twitter for Android</a>",kayhankayihan,"Istanbul, Turkey",,,Nic.tr'nin yaÅŸadÄ±ÄŸÄ± DDoS problemi Ã¼zerine... https://t.co/yfWAbxIvnC via @voransoy
Sun Dec 27 22:51:27 +0000 2015,681246040842973184,"<a href=""http://twitter.com/download/iphone"" rel=""nofollow"">Twitter for iPhone</a>",34DMR,,,,"RT @abdullahciftcib: 3-HÃ¼kÃ¼met, ODTÃœ'den ""nic.tr"" hizmetini devralmak istiyor. Yasa Ã§Ä±kartÄ±n hemen alÄ±n. ABD/ICANN yasa olmadan vermez."
Sun Dec 27 21:55:58 +0000 2015,681232075916206081,"<a href=""http://twitter.com/download/android"" rel=""nofollow"">Twitter for Android</a>",eniskabadayi,TÃ¼rkiye ,,,"RT @abdullahciftcib: 3-HÃ¼kÃ¼met, ODTÃœ'den ""nic.tr"" hizmetini devralmak istiyor. Yasa Ã§Ä±kartÄ±n hemen alÄ±n. ABD/ICANN yasa olmadan vermez."
Sun Dec 27 21:07:55 +0000 2015,681219982882123776,"<a href=""http://twitter.com"" rel=""nofollow"">Twitter Web Client</a>",ErcanGUNES,Ä°stanbul,,,Nic.tr'nin yaÅŸadÄ±ÄŸÄ± DDoS problemi Ã¼zerine... https://t.co/YSiwUvjJ9L via @voransoy
Sun Dec 27 21:04:25 +0000 2015,681219103605026816,"<a href=""http://twitter.com"" rel=""nofollow"">Twitter Web Client</a>",ahmetziyaeddin1,"Ankara, TÃ¼rkiye",,,"RT @abdullahciftcib: 3-HÃ¼kÃ¼met, ODTÃœ'den ""nic.tr"" hizmetini devralmak istiyor. Yasa Ã§Ä±kartÄ±n hemen alÄ±n. ABD/ICANN yasa olmadan vermez."
Sun Dec 27 20:17:18 +0000 2015,681207246118875136,"<a href=""http://twitter.com"" rel=""nofollow"">Twitter Web Client</a>",TIKNETTiN,DÃ¼nya Ã¼zerinde.,,,"https://t.co/odANIIs9sK
Nic.tr 'nin yaÅŸadÄ±ÄŸÄ± ddos problemi Ã¼zerine..."
Sun Dec 27 20:17:07 +0000 2015,681207201608916992,"<a href=""http://twitter.com/download/iphone"" rel=""nofollow"">Twitter for iPhone</a>",DeenizOzcan,,,,"RT @abdullahciftcib: 3-HÃ¼kÃ¼met, ODTÃœ'den ""nic.tr"" hizmetini devralmak istiyor. Yasa Ã§Ä±kartÄ±n hemen alÄ±n. ABD/ICANN yasa olmadan vermez."
Sun Dec 27 19:49:19 +0000 2015,681200204079599616,"<a href=""http://twitter.com/#!/download/ipad"" rel=""nofollow"">Twitter for iPad</a>",AyhanAydinli,Germany / Ludwigshafen,,,"RT @abdullahciftcib: 3-HÃ¼kÃ¼met, ODTÃœ'den ""nic.tr"" hizmetini devralmak istiyor. Yasa Ã§Ä±kartÄ±n hemen alÄ±n. ABD/ICANN yasa olmadan vermez."
Sun Dec 27 19:31:04 +0000 2015,681195612482715651,"<a href=""https://mobile.twitter.com"" rel=""nofollow"">Twitter Web App</a>",s4l1h,WORLD,,,RT @osmanmakal: Nic.tr'nin yaÅŸadÄ±ÄŸÄ± DDoS problemi Ã¼zerine... https://t.co/Lc6ADjtAu0 @voransoy aracÄ±lÄ±ÄŸÄ±yla
Sun Dec 27 18:16:12 +0000 2015,681176770360569857,"<a href=""http://www.facebook.com/twitter"" rel=""nofollow"">Facebook</a>",cetinkayamikail,istanbul,,,Nic.trâ€™nin yaÅŸadÄ±ÄŸÄ± DDoS problemi Ã¼zerineâ€¦ https://t.co/pLXdYt21JB
Sun Dec 27 18:00:07 +0000 2015,681172724316635137,"<a href=""http://twitter.com"" rel=""nofollow"">Twitter Web Client</a>",kaanmehmet471,https://photos.app.goo.gl/cnzRAvddYR3WJoic9,,,"RT @abdullahciftcib: 3-HÃ¼kÃ¼met, ODTÃœ'den ""nic.tr"" hizmetini devralmak istiyor. Yasa Ã§Ä±kartÄ±n hemen alÄ±n. ABD/ICANN yasa olmadan vermez."
Sun Dec 27 17:26:10 +0000 2015,681164178120404994,"<a href=""http://twitter.com/download/android"" rel=""nofollow"">Twitter for Android</a>",arsenlepen,Ankara - Ä°stanbul,,,RT @voransoy: Nic.tr'nin yaÅŸadÄ±ÄŸÄ± DDoS problemi Ã¼zerine... https://t.co/RZUhFj8SLX https://t.co/yrArhCo67G
Sun Dec 27 17:23:43 +0000 2015,681163564552425472,"<a href=""http://twitter.com/download/iphone"" rel=""nofollow"">Twitter for iPhone</a>",ardamendes,Istanbul,,,RT @voransoy: Nic.tr'nin yaÅŸadÄ±ÄŸÄ± DDoS problemi Ã¼zerine... https://t.co/RZUhFj8SLX https://t.co/yrArhCo67G
Sun Dec 27 17:19:09 +0000 2015,681162414902145028,"<a href=""http://twitter.com/download/android"" rel=""nofollow"">Twitter for Android</a>",esers_,Mars,,,RT @voransoy: Nic.tr'nin yaÅŸadÄ±ÄŸÄ± DDoS problemi Ã¼zerine... https://t.co/RZUhFj8SLX https://t.co/yrArhCo67G
Sun Dec 27 17:01:46 +0000 2015,681158038972149761,"<a href=""http://twitter.com/download/iphone"" rel=""nofollow"">Twitter for iPhone</a>",ismkaya,"San Francisco, CA",,,"RT @abdullahciftcib: 3-HÃ¼kÃ¼met, ODTÃœ'den ""nic.tr"" hizmetini devralmak istiyor. Yasa Ã§Ä±kartÄ±n hemen alÄ±n. ABD/ICANN yasa olmadan vermez."
Sun Dec 27 15:45:27 +0000 2015,681138833149276160,"<a href=""http://twitter.com"" rel=""nofollow"">Twitter Web Client</a>",volkan_aktas,Mersin,,,"RT @s3yfullah: Nic.trâ€™nin yaÅŸadÄ±ÄŸÄ± #DDoS problemi Ã¼zerineâ€¦

https://t.co/5ZqsBMGSpa"
Sun Dec 27 15:32:07 +0000 2015,681135479920668673,"<a href=""http://twitter.com/download/android"" rel=""nofollow"">Twitter for Android</a>",nemelazim03,TÃ¼rkiye,,,"RT @abdullahciftcib: 3-HÃ¼kÃ¼met, ODTÃœ'den ""nic.tr"" hizmetini devralmak istiyor. Yasa Ã§Ä±kartÄ±n hemen alÄ±n. ABD/ICANN yasa olmadan vermez."
Sun Dec 27 14:55:22 +0000 2015,681126228200427520,"<a href=""http://twitter.com/download/android"" rel=""nofollow"">Twitter for Android</a>",haroldobserver,Ä°stanbul,,,"RT @s3yfullah: Nic.trâ€™nin yaÅŸadÄ±ÄŸÄ± #DDoS problemi Ã¼zerineâ€¦

https://t.co/5ZqsBMGSpa"
Sun Dec 27 14:39:04 +0000 2015,681122129232945152,"<a href=""http://twitter.com"" rel=""nofollow"">Twitter Web Client</a>",xxxmikro,,,,"RT @s3yfullah: Nic.trâ€™nin yaÅŸadÄ±ÄŸÄ± #DDoS problemi Ã¼zerineâ€¦

https://t.co/5ZqsBMGSpa"
Sun Dec 27 14:35:42 +0000 2015,681121280540696576,"<a href=""http://twitter.com"" rel=""nofollow"">Twitter Web Client</a>",uygarkoroglu,,,,RT @voransoy: Nic.tr'nin yaÅŸadÄ±ÄŸÄ± DDoS problemi Ã¼zerine... https://t.co/RZUhFj8SLX https://t.co/yrArhCo67G
Sun Dec 27 14:05:38 +0000 2015,681113712091099136,"<a href=""http://twitter.com"" rel=""nofollow"">Twitter Web Client</a>",tboztuna,"Istanbul, Turkey",,,Nic.tr'nin yaÅŸadÄ±ÄŸÄ± DDoS problemi Ã¼zerine... https://t.co/zMyRfgYv6d via @voransoy
Sun Dec 27 13:46:43 +0000 2015,681108952113876992,"<a href=""http://twitter.com"" rel=""nofollow"">Twitter Web Client</a>",s3yfullah,"Ankara, TURKEY",,,"Nic.trâ€™nin yaÅŸadÄ±ÄŸÄ± #DDoS problemi Ã¼zerineâ€¦

https://t.co/5ZqsBMGSpa"
Sun Dec 27 13:41:44 +0000 2015,681107699652767744,"<a href=""http://twitter.com"" rel=""nofollow"">Twitter Web Client</a>",CryptoFalconX,,,,Nic.tr'nin yaÅŸadÄ±ÄŸÄ± DDoS problemi Ã¼zerine... https://t.co/E3pPHXnKE1 via @voransoy
Sun Dec 27 13:30:37 +0000 2015,681104903050231808,"<a href=""http://twitter.com/download/iphone"" rel=""nofollow"">Twitter for iPhone</a>",karakusakosman,,,,"RT @abdullahciftcib: 3-HÃ¼kÃ¼met, ODTÃœ'den ""nic.tr"" hizmetini devralmak istiyor. Yasa Ã§Ä±kartÄ±n hemen alÄ±n. ABD/ICANN yasa olmadan vermez."
Sun Dec 27 13:03:22 +0000 2015,681098045388369921,"<a href=""http://twitter.com/download/iphone"" rel=""nofollow"">Twitter for iPhone</a>",bugrayuksel,,,,RT @voransoy: Nic.tr'nin yaÅŸadÄ±ÄŸÄ± DDoS problemi Ã¼zerine... https://t.co/RZUhFj8SLX https://t.co/yrArhCo67G
Sun Dec 27 11:51:19 +0000 2015,681079913366089729,"<a href=""http://twitter.com/download/android"" rel=""nofollow"">Twitter for Android</a>",aokocax,Istanbul,,,@hmert @makseli bir 5 yil geriden geliyor nic.tr bundan ileriye tasiyacaktir diye umuyorum.
Sun Dec 27 11:46:25 +0000 2015,681078679028547584,"<a href=""http://twitter.com"" rel=""nofollow"">Twitter Web Client</a>",bbmnr,,,,Son gÃ¼nlerde ki Siber saldÄ±rÄ±larÄ±n detaylarÄ±nÄ± ve gÃ¼ndem Ã¼zerindeki tartÄ±ÅŸmalarÄ± merak eden varsa; https://t.co/nHYVP3RUqo
Sun Dec 27 11:33:38 +0000 2015,681075463377317888,"<a href=""http://twitter.com/download/android"" rel=""nofollow"">Twitter for Android</a>",yarimkalansoz,,,,"RT @abdullahciftcib: 3-HÃ¼kÃ¼met, ODTÃœ'den ""nic.tr"" hizmetini devralmak istiyor. Yasa Ã§Ä±kartÄ±n hemen alÄ±n. ABD/ICANN yasa olmadan vermez."
Sun Dec 27 11:25:36 +0000 2015,681073440502198272,"<a href=""http://twitter.com/download/android"" rel=""nofollow"">Twitter for Android</a>",ecdad_1299,TÃ¼rkiye,,,"RT @abdullahciftcib: 3-HÃ¼kÃ¼met, ODTÃœ'den ""nic.tr"" hizmetini devralmak istiyor. Yasa Ã§Ä±kartÄ±n hemen alÄ±n. ABD/ICANN yasa olmadan vermez."
Sun Dec 27 11:04:06 +0000 2015,681068030806351873,"<a href=""http://twitter.com/download/iphone"" rel=""nofollow"">Twitter for iPhone</a>",egesirman,,,,RT @voransoy: Nic.tr'nin yaÅŸadÄ±ÄŸÄ± DDoS problemi Ã¼zerine... https://t.co/RZUhFj8SLX https://t.co/yrArhCo67G
Sun Dec 27 11:03:08 +0000 2015,681067787796742144,"<a href=""http://twitter.com"" rel=""nofollow"">Twitter Web Client</a>",xuma,Denizli,,,RT @voransoy: Nic.tr'nin yaÅŸadÄ±ÄŸÄ± DDoS problemi Ã¼zerine... https://t.co/RZUhFj8SLX https://t.co/yrArhCo67G
Sun Dec 27 10:55:38 +0000 2015,681065900259315712,"<a href=""http://twitter.com/download/iphone"" rel=""nofollow"">Twitter for iPhone</a>",ahmetpirimoglu,,,,RT @hakkiocal: Nic.tr'nin yaÅŸadÄ±ÄŸÄ± DDoS problemi Ã¼zerine.. -- Volkan Oransoy https://t.co/ltLe32Yr1p via @voransoy
Sun Dec 27 09:47:24 +0000 2015,681048728011190272,"<a href=""http://www.facebook.com/twitter"" rel=""nofollow"">Facebook</a>",KMYOBilgisayar,,,,"Nic.trâ€™nin yaÅŸadÄ±ÄŸÄ± DDoS problemi Ã¼zerineâ€¦

https://t.co/C0eKnr5MLO https://t.co/UQGijMNC1B"
Sun Dec 27 09:47:20 +0000 2015,681048712043364352,"<a href=""http://twitter.com"" rel=""nofollow"">Twitter Web Client</a>",hakkiocal,"Istanbul, Turkiye",,,Nic.tr'nin yaÅŸadÄ±ÄŸÄ± DDoS problemi Ã¼zerine.. -- Volkan Oransoy https://t.co/ltLe32Yr1p via @voransoy
Sun Dec 27 09:21:07 +0000 2015,681042112339640320,"<a href=""http://twitter.com/download/iphone"" rel=""nofollow"">Twitter for iPhone</a>",bayhaniso,"Ankara, TÃ¼rkiye",,,@SuperYardim fiber kullanÄ±yorum ama nic.tr baÄŸlanamÄ±yom iÅŸin garibi dsl ve 3g ile baÄŸlanÄ±yorum neden
Sun Dec 27 09:11:32 +0000 2015,681039699499184128,"<a href=""http://twitter.com/download/android"" rel=""nofollow"">Twitter for Android</a>",alperen_aydogdu,,,,"RT @abdullahciftcib: 3-HÃ¼kÃ¼met, ODTÃœ'den ""nic.tr"" hizmetini devralmak istiyor. Yasa Ã§Ä±kartÄ±n hemen alÄ±n. ABD/ICANN yasa olmadan vermez."
Sun Dec 27 08:32:19 +0000 2015,681029832730345472,"<a href=""http://twitter.com/download/iphone"" rel=""nofollow"">Twitter for iPhone</a>",cuneytinci,,,,"RT @abdullahciftcib: 3-HÃ¼kÃ¼met, ODTÃœ'den ""nic.tr"" hizmetini devralmak istiyor. Yasa Ã§Ä±kartÄ±n hemen alÄ±n. ABD/ICANN yasa olmadan vermez."
Sun Dec 27 08:31:46 +0000 2015,681029694830030848,"<a href=""http://twitter.com"" rel=""nofollow"">Twitter Web Client</a>",Batuhanncom,,,,"Reis-i Cumhur; ""ODTÃœ'de namaz kÄ±lanlara saldÄ±rÄ±nÄ±n takipÃ§isi olacaÄŸÄ±z."" demiÅŸ, yeni bir KabataÅŸ vakasÄ±.. Bahane ile nic.tr'ye el koyacaklar."
Sun Dec 27 07:32:19 +0000 2015,681014733420519424,"<a href=""http://twitter.com/download/iphone"" rel=""nofollow"">Twitter for iPhone</a>",SelmaArslanp,,,,"RT @abdullahciftcib: 3-HÃ¼kÃ¼met, ODTÃœ'den ""nic.tr"" hizmetini devralmak istiyor. Yasa Ã§Ä±kartÄ±n hemen alÄ±n. ABD/ICANN yasa olmadan vermez."
Sun Dec 27 06:14:10 +0000 2015,680995067251830784,"<a href=""http://twitter.com/download/iphone"" rel=""nofollow"">Twitter for iPhone</a>",HarunTekoez,,,,"RT @abdullahciftcib: 3-HÃ¼kÃ¼met, ODTÃœ'den ""nic.tr"" hizmetini devralmak istiyor. Yasa Ã§Ä±kartÄ±n hemen alÄ±n. ABD/ICANN yasa olmadan vermez."
Sun Dec 27 05:17:19 +0000 2015,680980760212406272,"<a href=""http://twitter.com/download/android"" rel=""nofollow"">Twitter for Android</a>",bas1m_,"Muscat, Oman",,,RT @markito0171: Nic.tr: Massive cyber attacks on #Turkey since days- probably by #Russia
Sun Dec 27 04:29:46 +0000 2015,680968793309491200,"<a href=""http://twitter.com/download/iphone"" rel=""nofollow"">Twitter for iPhone</a>",hilyebanu,@sÄ±rat kÃ¶prÃ¼sÃ¼,,,"RT @emretonbil: OkunmalÄ±!! @fikriisik 
Nic.tr'nin yaÅŸadÄ±ÄŸÄ± DDoS problemi Ã¼zerine... https://t.co/J130EWTbIV @voransoy aracÄ±lÄ±ÄŸÄ±yla"
Sun Dec 27 04:22:21 +0000 2015,680966924927430656,"<a href=""http://twitter.com/download/android"" rel=""nofollow"">Twitter for Android</a>",aldibiran,,,,"RT @abdullahciftcib: 3-HÃ¼kÃ¼met, ODTÃœ'den ""nic.tr"" hizmetini devralmak istiyor. Yasa Ã§Ä±kartÄ±n hemen alÄ±n. ABD/ICANN yasa olmadan vermez."
Sun Dec 27 01:03:45 +0000 2015,680916946968276992,"<a href=""http://twitter.com/download/android"" rel=""nofollow"">Twitter for Android</a>",emretonbil,WORLD,,,"OkunmalÄ±!! @fikriisik 
Nic.tr'nin yaÅŸadÄ±ÄŸÄ± DDoS problemi Ã¼zerine... https://t.co/J130EWTbIV @voransoy aracÄ±lÄ±ÄŸÄ±yla"
Sun Dec 27 00:50:16 +0000 2015,680913551708520448,"<a href=""http://twitter.com/download/android"" rel=""nofollow"">Twitter for Android</a>",yusufkoluk,Ä°stanbul/Turkiye ğŸ‡¹ğŸ‡·,,,"RT @abdullahciftcib: 3-HÃ¼kÃ¼met, ODTÃœ'den ""nic.tr"" hizmetini devralmak istiyor. Yasa Ã§Ä±kartÄ±n hemen alÄ±n. ABD/ICANN yasa olmadan vermez."
Sun Dec 27 00:22:40 +0000 2015,680906609426612224,"<a href=""http://twitter.com/download/android"" rel=""nofollow"">Twitter for Android</a>",yenicerikadir,,,,"RT @abdullahciftcib: 3-HÃ¼kÃ¼met, ODTÃœ'den ""nic.tr"" hizmetini devralmak istiyor. Yasa Ã§Ä±kartÄ±n hemen alÄ±n. ABD/ICANN yasa olmadan vermez."
Sun Dec 27 00:19:41 +0000 2015,680905858490970113,"<a href=""http://twitter.com"" rel=""nofollow"">Twitter Web Client</a>",etindurmu1,TÃœRKÄ°YE,,,"RT @abdullahciftcib: 3-HÃ¼kÃ¼met, ODTÃœ'den ""nic.tr"" hizmetini devralmak istiyor. Yasa Ã§Ä±kartÄ±n hemen alÄ±n. ABD/ICANN yasa olmadan vermez."
Sat Dec 26 23:41:57 +0000 2015,680896361261330432,"<a href=""http://twitter.com"" rel=""nofollow"">Twitter Web Client</a>",kotenok99,Ä°ZMÄ°R,,,"RT @abdullahciftcib: 3-HÃ¼kÃ¼met, ODTÃœ'den ""nic.tr"" hizmetini devralmak istiyor. Yasa Ã§Ä±kartÄ±n hemen alÄ±n. ABD/ICANN yasa olmadan vermez."
Sat Dec 26 23:26:01 +0000 2015,680892351452200960,"<a href=""http://twitter.com/download/iphone"" rel=""nofollow"">Twitter for iPhone</a>",dominikkongo,"SÃ¼leymaniye, Ä°stanbul",,,"RT @abdullahciftcib: 3-HÃ¼kÃ¼met, ODTÃœ'den ""nic.tr"" hizmetini devralmak istiyor. Yasa Ã§Ä±kartÄ±n hemen alÄ±n. ABD/ICANN yasa olmadan vermez."
Sat Dec 26 23:07:29 +0000 2015,680887688917073920,"<a href=""http://twitter.com/download/android"" rel=""nofollow"">Twitter for Android</a>",BeyhanDagdas,,,,"RT @abdullahciftcib: 3-HÃ¼kÃ¼met, ODTÃœ'den ""nic.tr"" hizmetini devralmak istiyor. Yasa Ã§Ä±kartÄ±n hemen alÄ±n. ABD/ICANN yasa olmadan vermez."
Sat Dec 26 23:05:33 +0000 2015,680887199089471488,"<a href=""http://twitter.com"" rel=""nofollow"">Twitter Web Client</a>",lPisagorl,,,,@anadoluajansi Nic.tr ye saldÄ±rÄ±yÄ± .tr alan tahsisi pastasÄ± iÃ§in aÄŸÄ±zlarÄ±ndan salyalar akan yandaÅŸ  firmalar yaptÄ±rmÄ±ÅŸ olmasÄ±n ????
Sat Dec 26 23:01:02 +0000 2015,680886063393562624,"<a href=""http://twitter.com/download/iphone"" rel=""nofollow"">Twitter for iPhone</a>",MetinKarakaya_,,,,"RT @abdullahciftcib: 3-HÃ¼kÃ¼met, ODTÃœ'den ""nic.tr"" hizmetini devralmak istiyor. Yasa Ã§Ä±kartÄ±n hemen alÄ±n. ABD/ICANN yasa olmadan vermez."
Sat Dec 26 23:00:44 +0000 2015,680885987313061888,"<a href=""http://twitter.com"" rel=""nofollow"">Twitter Web Client</a>",osmerden,"Ankara, TÃ¼rkiye",,,"RT @abdullahciftcib: 3-HÃ¼kÃ¼met, ODTÃœ'den ""nic.tr"" hizmetini devralmak istiyor. Yasa Ã§Ä±kartÄ±n hemen alÄ±n. ABD/ICANN yasa olmadan vermez."
Sat Dec 26 22:51:17 +0000 2015,680883608698138625,"<a href=""http://twitter.com/download/android"" rel=""nofollow"">Twitter for Android</a>",Oktay0958,"Amsterdam,  Sivas,  AydÄ±n ",,,"RT @abdullahciftcib: 3-HÃ¼kÃ¼met, ODTÃœ'den ""nic.tr"" hizmetini devralmak istiyor. Yasa Ã§Ä±kartÄ±n hemen alÄ±n. ABD/ICANN yasa olmadan vermez."
Sat Dec 26 22:42:41 +0000 2015,680881444353380352,"<a href=""http://twitter.com/download/iphone"" rel=""nofollow"">Twitter for iPhone</a>",bbozokluu,Yalan dunya,,,"RT @abdullahciftcib: 3-HÃ¼kÃ¼met, ODTÃœ'den ""nic.tr"" hizmetini devralmak istiyor. Yasa Ã§Ä±kartÄ±n hemen alÄ±n. ABD/ICANN yasa olmadan vermez."
Sat Dec 26 22:42:15 +0000 2015,680881335502639104,"<a href=""http://twitter.com/download/android"" rel=""nofollow"">Twitter for Android</a>",srdaydin,,,,"RT @abdullahciftcib: 3-HÃ¼kÃ¼met, ODTÃœ'den ""nic.tr"" hizmetini devralmak istiyor. Yasa Ã§Ä±kartÄ±n hemen alÄ±n. ABD/ICANN yasa olmadan vermez."
Sat Dec 26 22:40:07 +0000 2015,680880800854847489,"<a href=""http://twitter.com/download/android"" rel=""nofollow"">Twitter for Android</a>",imettunc,,,,"RT @abdullahciftcib: 3-HÃ¼kÃ¼met, ODTÃœ'den ""nic.tr"" hizmetini devralmak istiyor. Yasa Ã§Ä±kartÄ±n hemen alÄ±n. ABD/ICANN yasa olmadan vermez."
Sat Dec 26 22:39:22 +0000 2015,680880611159076868,"<a href=""http://twitter.com/download/android"" rel=""nofollow"">Twitter for Android</a>",koca_reis18,TÃ¼rkiye,,,"RT @abdullahciftcib: 3-HÃ¼kÃ¼met, ODTÃœ'den ""nic.tr"" hizmetini devralmak istiyor. Yasa Ã§Ä±kartÄ±n hemen alÄ±n. ABD/ICANN yasa olmadan vermez."
Sat Dec 26 22:31:00 +0000 2015,680878505488441344,"<a href=""http://twitter.com/download/iphone"" rel=""nofollow"">Twitter for iPhone</a>",go1907,,,,"RT @abdullahciftcib: 3-HÃ¼kÃ¼met, ODTÃœ'den ""nic.tr"" hizmetini devralmak istiyor. Yasa Ã§Ä±kartÄ±n hemen alÄ±n. ABD/ICANN yasa olmadan vermez."
Sat Dec 26 22:21:03 +0000 2015,680876002575269888,"<a href=""http://twitter.com"" rel=""nofollow"">Twitter Web Client</a>",alizarin_q,,,,"RT @abdullahciftcib: 3-HÃ¼kÃ¼met, ODTÃœ'den ""nic.tr"" hizmetini devralmak istiyor. Yasa Ã§Ä±kartÄ±n hemen alÄ±n. ABD/ICANN yasa olmadan vermez."
Sat Dec 26 22:17:25 +0000 2015,680875087814262785,"<a href=""http://www.twitter.com"" rel=""nofollow"">Twitter for BlackBerry</a>",ademcafoglu,"Ä°stanbul, Trabzon,",,,"RT @abdullahciftcib: 3-HÃ¼kÃ¼met, ODTÃœ'den ""nic.tr"" hizmetini devralmak istiyor. Yasa Ã§Ä±kartÄ±n hemen alÄ±n. ABD/ICANN yasa olmadan vermez."
Sat Dec 26 22:15:50 +0000 2015,680874690345365504,"<a href=""http://twitter.com"" rel=""nofollow"">Twitter Web Client</a>",YunusBassahan,"Bodrum, TÃ¼rkiye",,,nic.tr yine patladÄ± :)
Sat Dec 26 22:13:54 +0000 2015,680874201876664321,"<a href=""http://twitter.com/download/android"" rel=""nofollow"">Twitter for Android</a>",devTurk1461,TÃ¼rkiye,,,"RT @abdullahciftcib: 3-HÃ¼kÃ¼met, ODTÃœ'den ""nic.tr"" hizmetini devralmak istiyor. Yasa Ã§Ä±kartÄ±n hemen alÄ±n. ABD/ICANN yasa olmadan vermez."
Sat Dec 26 22:13:12 +0000 2015,680874025548165120,"<a href=""http://twitter.com"" rel=""nofollow"">Twitter Web Client</a>",BYSIRLI,,,,"RT @abdullahciftcib: 3-HÃ¼kÃ¼met, ODTÃœ'den ""nic.tr"" hizmetini devralmak istiyor. Yasa Ã§Ä±kartÄ±n hemen alÄ±n. ABD/ICANN yasa olmadan vermez."
Sat Dec 26 22:12:42 +0000 2015,680873900465631232,"<a href=""http://twitter.com/download/android"" rel=""nofollow"">Twitter for Android</a>",NuRveGul26,Almanya,,,"RT @abdullahciftcib: 3-HÃ¼kÃ¼met, ODTÃœ'den ""nic.tr"" hizmetini devralmak istiyor. Yasa Ã§Ä±kartÄ±n hemen alÄ±n. ABD/ICANN yasa olmadan vermez."
Sat Dec 26 22:05:49 +0000 2015,680872168465514498,"<a href=""http://twitter.com"" rel=""nofollow"">Twitter Web Client</a>",emre_katipoglu,,,,"@srkninci ODTÃœ nic.tr yi BTK ya bÄ±raktÄ± diyelim, bir ÅŸeylerin deÄŸiÅŸeceÄŸine innÄ±yormusun? Bence bu iÅŸ anlaÅŸmalÄ± Ã¶zel ÅŸirketlere bÄ±rakÄ±lmalÄ±"
Sat Dec 26 22:02:15 +0000 2015,680871270091735040,"<a href=""http://twitter.com/download/android"" rel=""nofollow"">Twitter for Android</a>",nermin_1461,TÃ¼rkiye,,,"RT @abdullahciftcib: 3-HÃ¼kÃ¼met, ODTÃœ'den ""nic.tr"" hizmetini devralmak istiyor. Yasa Ã§Ä±kartÄ±n hemen alÄ±n. ABD/ICANN yasa olmadan vermez."
Sat Dec 26 21:59:08 +0000 2015,680870484565716992,"<a href=""http://twitter.com/download/android"" rel=""nofollow"">Twitter for Android</a>",eutuncel,,,,"RT @abdullahciftcib: 3-HÃ¼kÃ¼met, ODTÃœ'den ""nic.tr"" hizmetini devralmak istiyor. Yasa Ã§Ä±kartÄ±n hemen alÄ±n. ABD/ICANN yasa olmadan vermez."
Sat Dec 26 21:58:55 +0000 2015,680870429532229632,"<a href=""http://twitter.com/download/android"" rel=""nofollow"">Twitter for Android</a>",zaferates74,â€ØµØ±Ø¯Ù†ÙƒÚ†ØªÙŠ,,,@sahinmerkezoglu @ustakiloyunu Ben Tam Anlamam.Kuzenim AnlattÄ± Nic.Tr KullanÄ±m HakkÄ±nÄ± OdtÃ¼den AlÄ±p Birazda GeliÅŸtirirsek Siber GÃ¼cÃ¼z Dedi.
Sat Dec 26 21:58:15 +0000 2015,680870263316189187,"<a href=""http://twitter.com/download/iphone"" rel=""nofollow"">Twitter for iPhone</a>",smtcoban,,,,"RT @abdullahciftcib: 3-HÃ¼kÃ¼met, ODTÃœ'den ""nic.tr"" hizmetini devralmak istiyor. Yasa Ã§Ä±kartÄ±n hemen alÄ±n. ABD/ICANN yasa olmadan vermez."
Sat Dec 26 21:58:05 +0000 2015,680870222518185985,"<a href=""http://twitter.com/download/android"" rel=""nofollow"">Twitter for Android</a>",Mhmmtbyrk52,,,,"RT @abdullahciftcib: 3-HÃ¼kÃ¼met, ODTÃœ'den ""nic.tr"" hizmetini devralmak istiyor. Yasa Ã§Ä±kartÄ±n hemen alÄ±n. ABD/ICANN yasa olmadan vermez."
Sat Dec 26 21:56:34 +0000 2015,680869841008496641,"<a href=""http://twitter.com"" rel=""nofollow"">Twitter Web Client</a>",mehmetkose,,,,RT @voransoy: Nic.tr'nin yaÅŸadÄ±ÄŸÄ± DDoS problemi Ã¼zerine... https://t.co/RZUhFj8SLX https://t.co/yrArhCo67G
Sat Dec 26 21:52:49 +0000 2015,680868894383435776,"<a href=""http://twitter.com/download/iphone"" rel=""nofollow"">Twitter for iPhone</a>",AdilKESKN,,,,"RT @abdullahciftcib: 3-HÃ¼kÃ¼met, ODTÃœ'den ""nic.tr"" hizmetini devralmak istiyor. Yasa Ã§Ä±kartÄ±n hemen alÄ±n. ABD/ICANN yasa olmadan vermez."
Sat Dec 26 21:51:40 +0000 2015,680868607572750337,"<a href=""http://twitter.com"" rel=""nofollow"">Twitter Web Client</a>",osmanmakal,"Denizli, TÃ¼rkiye",,,Nic.tr'nin yaÅŸadÄ±ÄŸÄ± DDoS problemi Ã¼zerine... https://t.co/Lc6ADjtAu0 @voransoy aracÄ±lÄ±ÄŸÄ±yla
Sat Dec 26 21:48:52 +0000 2015,680867901897879552,"<a href=""http://twitter.com/download/android"" rel=""nofollow"">Twitter for Android</a>",Qguzz,Devlet-i Aliyye-i OsmÃ¢niyye,,,"RT @abdullahciftcib: 3-HÃ¼kÃ¼met, ODTÃœ'den ""nic.tr"" hizmetini devralmak istiyor. Yasa Ã§Ä±kartÄ±n hemen alÄ±n. ABD/ICANN yasa olmadan vermez."
Sat Dec 26 21:48:39 +0000 2015,680867847812321280,"<a href=""http://twitter.com/download/android"" rel=""nofollow"">Twitter for Android</a>",bekirkaramazi,,,,"RT @abdullahciftcib: 3-HÃ¼kÃ¼met, ODTÃœ'den ""nic.tr"" hizmetini devralmak istiyor. Yasa Ã§Ä±kartÄ±n hemen alÄ±n. ABD/ICANN yasa olmadan vermez."
Sat Dec 26 21:47:21 +0000 2015,680867521801654272,"<a href=""http://twitter.com"" rel=""nofollow"">Twitter Web Client</a>",hasanboyraz60,"BahÃ§elievler, Ä°stanbul",,,"RT @abdullahciftcib: 3-HÃ¼kÃ¼met, ODTÃœ'den ""nic.tr"" hizmetini devralmak istiyor. Yasa Ã§Ä±kartÄ±n hemen alÄ±n. ABD/ICANN yasa olmadan vermez."
Sat Dec 26 21:42:02 +0000 2015,680866182790959104,"<a href=""http://publicize.wp.com/"" rel=""nofollow"">WordPress.com</a>",voransoy,Turkey,,,Nic.tr'nin yaÅŸadÄ±ÄŸÄ± DDoS problemi Ã¼zerine... https://t.co/RZUhFj8SLX https://t.co/yrArhCo67G
Sat Dec 26 21:37:11 +0000 2015,680864961032273920,"<a href=""http://twitter.com/download/android"" rel=""nofollow"">Twitter for Android</a>",msemihsisman,"TÃ¼rkiye, Ä°zmir",,,"RT @abdullahciftcib: 3-HÃ¼kÃ¼met, ODTÃœ'den ""nic.tr"" hizmetini devralmak istiyor. Yasa Ã§Ä±kartÄ±n hemen alÄ±n. ABD/ICANN yasa olmadan vermez."
Sat Dec 26 21:25:45 +0000 2015,680862083190263808,"<a href=""http://twitter.com/download/android"" rel=""nofollow"">Twitter for Android</a>",erlyldrmm,"Sakarya, TÃ¼rkiye",,,"RT @abdullahciftcib: 3-HÃ¼kÃ¼met, ODTÃœ'den ""nic.tr"" hizmetini devralmak istiyor. Yasa Ã§Ä±kartÄ±n hemen alÄ±n. ABD/ICANN yasa olmadan vermez."
Sat Dec 26 21:24:39 +0000 2015,680861808555651072,"<a href=""http://twitter.com/download/iphone"" rel=""nofollow"">Twitter for iPhone</a>",SabrliAk,,,,"RT @abdullahciftcib: 3-HÃ¼kÃ¼met, ODTÃœ'den ""nic.tr"" hizmetini devralmak istiyor. Yasa Ã§Ä±kartÄ±n hemen alÄ±n. ABD/ICANN yasa olmadan vermez."
Sat Dec 26 21:24:39 +0000 2015,680861808555651072,"<a href=""http://twitter.com/download/iphone"" rel=""nofollow"">Twitter for iPhone</a>",SabrliAk,,,,"RT @abdullahciftcib: 3-HÃ¼kÃ¼met, ODTÃœ'den ""nic.tr"" hizmetini devralmak istiyor. Yasa Ã§Ä±kartÄ±n hemen alÄ±n. ABD/ICANN yasa olmadan vermez."
Sat Dec 26 21:24:26 +0000 2015,680861753782222848,"<a href=""http://twitter.com"" rel=""nofollow"">Twitter Web Client</a>",ErsenSiseci,"Istanbul, Turkey",,,nic.tr ODTU de kalmalÄ±. YÄ±llardÄ±r bu iÅŸi yapÄ±yorlar. TecrÃ¼beleri Ã§ok iyi bu konuda. #nictr
Sat Dec 26 21:24:11 +0000 2015,680861691383541760,"<a href=""http://twitter.com/download/android"" rel=""nofollow"">Twitter for Android</a>",melikeyaprak7,"SelÃ§uklu, TÃ¼rkiye",,,"RT @abdullahciftcib: 3-HÃ¼kÃ¼met, ODTÃœ'den ""nic.tr"" hizmetini devralmak istiyor. Yasa Ã§Ä±kartÄ±n hemen alÄ±n. ABD/ICANN yasa olmadan vermez."
Sat Dec 26 21:20:46 +0000 2015,680860830892691457,"<a href=""http://twitter.com/download/android"" rel=""nofollow"">Twitter for Android</a>",KaradaKamil,,,,"RT @abdullahciftcib: 3-HÃ¼kÃ¼met, ODTÃœ'den ""nic.tr"" hizmetini devralmak istiyor. Yasa Ã§Ä±kartÄ±n hemen alÄ±n. ABD/ICANN yasa olmadan vermez."
Sat Dec 26 21:18:14 +0000 2015,680860191852748800,"<a href=""http://carbonandroid.com"" rel=""nofollow"">Carbon v2</a>",Ya_HAK,,,,"RT @abdullahciftcib: 3-HÃ¼kÃ¼met, ODTÃœ'den ""nic.tr"" hizmetini devralmak istiyor. Yasa Ã§Ä±kartÄ±n hemen alÄ±n. ABD/ICANN yasa olmadan vermez."
Sat Dec 26 21:18:14 +0000 2015,680860191852748800,"<a href=""http://carbonandroid.com"" rel=""nofollow"">Carbon v2</a>",Ya_HAK,,,,"RT @abdullahciftcib: 3-HÃ¼kÃ¼met, ODTÃœ'den ""nic.tr"" hizmetini devralmak istiyor. Yasa Ã§Ä±kartÄ±n hemen alÄ±n. ABD/ICANN yasa olmadan vermez."
Sat Dec 26 21:16:39 +0000 2015,680859793892970497,"<a href=""http://twitter.com/download/iphone"" rel=""nofollow"">Twitter for iPhone</a>",Alemdar777Polat,Deutschland,,,"RT @abdullahciftcib: 3-HÃ¼kÃ¼met, ODTÃœ'den ""nic.tr"" hizmetini devralmak istiyor. Yasa Ã§Ä±kartÄ±n hemen alÄ±n. ABD/ICANN yasa olmadan vermez."
Sat Dec 26 21:15:05 +0000 2015,680859398894436352,"<a href=""http://twitter.com"" rel=""nofollow"">Twitter Web Client</a>",Huseyinmnk,TÃ¼rkiye,,,"RT @abdullahciftcib: 3-HÃ¼kÃ¼met, ODTÃœ'den ""nic.tr"" hizmetini devralmak istiyor. Yasa Ã§Ä±kartÄ±n hemen alÄ±n. ABD/ICANN yasa olmadan vermez."
Sat Dec 26 21:14:03 +0000 2015,680859140256874496,"<a href=""http://twitter.com/download/android"" rel=""nofollow"">Twitter for Android</a>",Irregulerverb,"Ankara, TÃ¼rkiye",,,"RT @abdullahciftcib: 3-HÃ¼kÃ¼met, ODTÃœ'den ""nic.tr"" hizmetini devralmak istiyor. Yasa Ã§Ä±kartÄ±n hemen alÄ±n. ABD/ICANN yasa olmadan vermez."
Sat Dec 26 21:13:41 +0000 2015,680859048418357248,"<a href=""http://twitter.com/download/android"" rel=""nofollow"">Twitter for Android</a>",iremce27,TÃ¼rkiye,,,"RT @abdullahciftcib: 3-HÃ¼kÃ¼met, ODTÃœ'den ""nic.tr"" hizmetini devralmak istiyor. Yasa Ã§Ä±kartÄ±n hemen alÄ±n. ABD/ICANN yasa olmadan vermez."
Sat Dec 26 21:11:43 +0000 2015,680858554291609601,"<a href=""http://twitter.com/download/android"" rel=""nofollow"">Twitter for Android</a>",67TR1974,,,,"RT @abdullahciftcib: 3-HÃ¼kÃ¼met, ODTÃœ'den ""nic.tr"" hizmetini devralmak istiyor. Yasa Ã§Ä±kartÄ±n hemen alÄ±n. ABD/ICANN yasa olmadan vermez."
Sat Dec 26 21:11:24 +0000 2015,680858473748381696,"<a href=""http://twitter.com/download/android"" rel=""nofollow"">Twitter for Android</a>",kartal0171,,,,"RT @abdullahciftcib: 3-HÃ¼kÃ¼met, ODTÃœ'den ""nic.tr"" hizmetini devralmak istiyor. Yasa Ã§Ä±kartÄ±n hemen alÄ±n. ABD/ICANN yasa olmadan vermez."
Sat Dec 26 21:11:10 +0000 2015,680858413912428544,"<a href=""http://twitter.com/download/iphone"" rel=""nofollow"">Twitter for iPhone</a>",RemziKRC,ANKARA,,,"RT @abdullahciftcib: 3-HÃ¼kÃ¼met, ODTÃœ'den ""nic.tr"" hizmetini devralmak istiyor. Yasa Ã§Ä±kartÄ±n hemen alÄ±n. ABD/ICANN yasa olmadan vermez."
Sat Dec 26 21:11:08 +0000 2015,680858405821648897,"<a href=""http://twitter.com/download/android"" rel=""nofollow"">Twitter for Android</a>",as_Allahinkulu,,,,"RT @abdullahciftcib: 3-HÃ¼kÃ¼met, ODTÃœ'den ""nic.tr"" hizmetini devralmak istiyor. Yasa Ã§Ä±kartÄ±n hemen alÄ±n. ABD/ICANN yasa olmadan vermez."
Sat Dec 26 21:08:10 +0000 2015,680857661441716224,"<a href=""http://twitter.com/download/android"" rel=""nofollow"">Twitter for Android</a>",Asira610212329,,,,"RT @abdullahciftcib: 3-HÃ¼kÃ¼met, ODTÃœ'den ""nic.tr"" hizmetini devralmak istiyor. Yasa Ã§Ä±kartÄ±n hemen alÄ±n. ABD/ICANN yasa olmadan vermez."
Sat Dec 26 21:07:10 +0000 2015,680857406155390976,"<a href=""http://twitter.com"" rel=""nofollow"">Twitter Web Client</a>",SelinSir,melbourne,,,"RT @abdullahciftcib: 3-HÃ¼kÃ¼met, ODTÃœ'den ""nic.tr"" hizmetini devralmak istiyor. Yasa Ã§Ä±kartÄ±n hemen alÄ±n. ABD/ICANN yasa olmadan vermez."
Sat Dec 26 21:05:19 +0000 2015,680856943561469952,"<a href=""http://twitter.com"" rel=""nofollow"">Twitter Web Client</a>",ayselmavioglu,TÃœRKÄ°YE,,,"RT @abdullahciftcib: 3-HÃ¼kÃ¼met, ODTÃœ'den ""nic.tr"" hizmetini devralmak istiyor. Yasa Ã§Ä±kartÄ±n hemen alÄ±n. ABD/ICANN yasa olmadan vermez."
Sat Dec 26 21:04:43 +0000 2015,680856791178153984,"<a href=""http://twitter.com/download/android"" rel=""nofollow"">Twitter for Android</a>",GS_Aslanbey,,,,"RT @abdullahciftcib: 3-HÃ¼kÃ¼met, ODTÃœ'den ""nic.tr"" hizmetini devralmak istiyor. Yasa Ã§Ä±kartÄ±n hemen alÄ±n. ABD/ICANN yasa olmadan vermez."
Sat Dec 26 21:04:07 +0000 2015,680856642116784128,"<a href=""http://twitter.com/download/android"" rel=""nofollow"">Twitter for Android</a>",TuruncuByaz,"TopÃ§ular, Kocaeli",,,"RT @abdullahciftcib: 3-HÃ¼kÃ¼met, ODTÃœ'den ""nic.tr"" hizmetini devralmak istiyor. Yasa Ã§Ä±kartÄ±n hemen alÄ±n. ABD/ICANN yasa olmadan vermez."
Sat Dec 26 21:03:03 +0000 2015,680856373551316992,"<a href=""http://twitter.com/download/iphone"" rel=""nofollow"">Twitter for iPhone</a>",FerhatKefe,,,,"RT @abdullahciftcib: 3-HÃ¼kÃ¼met, ODTÃœ'den ""nic.tr"" hizmetini devralmak istiyor. Yasa Ã§Ä±kartÄ±n hemen alÄ±n. ABD/ICANN yasa olmadan vermez."
Sat Dec 26 21:02:37 +0000 2015,680856262712627200,"<a href=""http://twitter.com"" rel=""nofollow"">Twitter Web Client</a>",TeknikRessamBey,"Ankara, TÃ¼rkiye",,,"RT @abdullahciftcib: 3-HÃ¼kÃ¼met, ODTÃœ'den ""nic.tr"" hizmetini devralmak istiyor. Yasa Ã§Ä±kartÄ±n hemen alÄ±n. ABD/ICANN yasa olmadan vermez."
Sat Dec 26 21:02:12 +0000 2015,680856156902932480,"<a href=""http://twitter.com"" rel=""nofollow"">Twitter Web Client</a>",hulyatryak,"Ä°zmir, TÃ¼rkiye",,,"RT @abdullahciftcib: 3-HÃ¼kÃ¼met, ODTÃœ'den ""nic.tr"" hizmetini devralmak istiyor. Yasa Ã§Ä±kartÄ±n hemen alÄ±n. ABD/ICANN yasa olmadan vermez."
Sat Dec 26 21:01:37 +0000 2015,680856010806923266,"<a href=""http://twitter.com/download/android"" rel=""nofollow"">Twitter for Android</a>",yclyksl35,heryer olabilir,,,"RT @abdullahciftcib: 3-HÃ¼kÃ¼met, ODTÃœ'den ""nic.tr"" hizmetini devralmak istiyor. Yasa Ã§Ä±kartÄ±n hemen alÄ±n. ABD/ICANN yasa olmadan vermez."
Sat Dec 26 21:00:57 +0000 2015,680855843210981376,"<a href=""http://twitter.com/download/android"" rel=""nofollow"">Twitter for Android</a>",bakir_musa,,,,"RT @abdullahciftcib: 3-HÃ¼kÃ¼met, ODTÃœ'den ""nic.tr"" hizmetini devralmak istiyor. Yasa Ã§Ä±kartÄ±n hemen alÄ±n. ABD/ICANN yasa olmadan vermez."
Sat Dec 26 21:00:21 +0000 2015,680855692077608960,"<a href=""http://twitter.com"" rel=""nofollow"">Twitter Web Client</a>",ercankurt10,,,,"RT @abdullahciftcib: 3-HÃ¼kÃ¼met, ODTÃœ'den ""nic.tr"" hizmetini devralmak istiyor. Yasa Ã§Ä±kartÄ±n hemen alÄ±n. ABD/ICANN yasa olmadan vermez."
Sat Dec 26 20:59:57 +0000 2015,680855593872142336,"<a href=""http://twitter.com/download/android"" rel=""nofollow"">Twitter for Android</a>",mahoaga198027,OSMANLI ,,,"RT @abdullahciftcib: 3-HÃ¼kÃ¼met, ODTÃœ'den ""nic.tr"" hizmetini devralmak istiyor. Yasa Ã§Ä±kartÄ±n hemen alÄ±n. ABD/ICANN yasa olmadan vermez."
Sat Dec 26 20:59:28 +0000 2015,680855471432019968,"<a href=""http://twitter.com/download/iphone"" rel=""nofollow"">Twitter for iPhone</a>",omarfarukcan,"Sincan, Ankara",,,"RT @abdullahciftcib: 3-HÃ¼kÃ¼met, ODTÃœ'den ""nic.tr"" hizmetini devralmak istiyor. Yasa Ã§Ä±kartÄ±n hemen alÄ±n. ABD/ICANN yasa olmadan vermez."
Sat Dec 26 20:57:56 +0000 2015,680855085895806976,"<a href=""http://twitter.com"" rel=""nofollow"">Twitter Web Client</a>",kemal_zafer,,,,"RT @abdullahciftcib: 3-HÃ¼kÃ¼met, ODTÃœ'den ""nic.tr"" hizmetini devralmak istiyor. Yasa Ã§Ä±kartÄ±n hemen alÄ±n. ABD/ICANN yasa olmadan vermez."
Sat Dec 26 20:54:21 +0000 2015,680854181796790272,"<a href=""https://mobile.twitter.com"" rel=""nofollow"">Mobile Web (M2)</a>",sevguler,istanbul,,,"RT @abdullahciftcib: 3-HÃ¼kÃ¼met, ODTÃœ'den ""nic.tr"" hizmetini devralmak istiyor. Yasa Ã§Ä±kartÄ±n hemen alÄ±n. ABD/ICANN yasa olmadan vermez."
Sat Dec 26 20:54:04 +0000 2015,680854110992728065,"<a href=""http://twitter.com"" rel=""nofollow"">Twitter Web Client</a>",arslanebiye,,,,"RT @abdullahciftcib: 3-HÃ¼kÃ¼met, ODTÃœ'den ""nic.tr"" hizmetini devralmak istiyor. Yasa Ã§Ä±kartÄ±n hemen alÄ±n. ABD/ICANN yasa olmadan vermez."
Sat Dec 26 20:51:42 +0000 2015,680853515414179842,"<a href=""http://twitter.com"" rel=""nofollow"">Twitter Web Client</a>",eko5171,,,,"RT @abdullahciftcib: 3-HÃ¼kÃ¼met, ODTÃœ'den ""nic.tr"" hizmetini devralmak istiyor. Yasa Ã§Ä±kartÄ±n hemen alÄ±n. ABD/ICANN yasa olmadan vermez."
Sat Dec 26 20:50:36 +0000 2015,680853239923879936,"<a href=""http://twitter.com/download/iphone"" rel=""nofollow"">Twitter for iPhone</a>",aytenkekilli,,,,"RT @abdullahciftcib: 3-HÃ¼kÃ¼met, ODTÃœ'den ""nic.tr"" hizmetini devralmak istiyor. Yasa Ã§Ä±kartÄ±n hemen alÄ±n. ABD/ICANN yasa olmadan vermez."
Sat Dec 26 20:48:48 +0000 2015,680852784896421888,"<a href=""http://twitter.com/download/android"" rel=""nofollow"">Twitter for Android</a>",zanli052,#NewWorldArea-TurkeyğŸ‡¹ğŸ‡·,,,"RT @abdullahciftcib: 3-HÃ¼kÃ¼met, ODTÃœ'den ""nic.tr"" hizmetini devralmak istiyor. Yasa Ã§Ä±kartÄ±n hemen alÄ±n. ABD/ICANN yasa olmadan vermez."
Sat Dec 26 20:48:28 +0000 2015,680852702377709568,"<a href=""http://twitter.com/download/android"" rel=""nofollow"">Twitter for Android</a>",kubilayhan,,,,"RT @abdullahciftcib: 3-HÃ¼kÃ¼met, ODTÃœ'den ""nic.tr"" hizmetini devralmak istiyor. Yasa Ã§Ä±kartÄ±n hemen alÄ±n. ABD/ICANN yasa olmadan vermez."
Sat Dec 26 20:48:05 +0000 2015,680852605753397248,"<a href=""https://dlvrit.com/"" rel=""nofollow"">dlvr.it</a>",habermeydan,"Ä°stanbul, TÃ¼rkiye",,,Nic.tr Uzmanlara Teslim Edilmeli https://t.co/CA4gh0gotR https://t.co/gazVKJ2zB3
Sat Dec 26 20:47:30 +0000 2015,680852460970348545,"<a href=""http://twitter.com/download/android"" rel=""nofollow"">Twitter for Android</a>",Birnefesle,Bursa Osmangazi ,,,"RT @abdullahciftcib: 3-HÃ¼kÃ¼met, ODTÃœ'den ""nic.tr"" hizmetini devralmak istiyor. Yasa Ã§Ä±kartÄ±n hemen alÄ±n. ABD/ICANN yasa olmadan vermez."
Sat Dec 26 20:47:06 +0000 2015,680852357270368257,"<a href=""http://twitter.com"" rel=""nofollow"">Twitter Web Client</a>",sezaktas,,,,"RT @abdullahciftcib: 3-HÃ¼kÃ¼met, ODTÃœ'den ""nic.tr"" hizmetini devralmak istiyor. Yasa Ã§Ä±kartÄ±n hemen alÄ±n. ABD/ICANN yasa olmadan vermez."
Sat Dec 26 20:45:27 +0000 2015,680851942449524736,"<a href=""http://twitter.com"" rel=""nofollow"">Twitter Web Client</a>",Umut1hope,,,,"RT @abdullahciftcib: 3-HÃ¼kÃ¼met, ODTÃœ'den ""nic.tr"" hizmetini devralmak istiyor. Yasa Ã§Ä±kartÄ±n hemen alÄ±n. ABD/ICANN yasa olmadan vermez."
Sat Dec 26 20:43:55 +0000 2015,680851558804942852,"<a href=""http://twitter.com/download/android"" rel=""nofollow"">Twitter for Android</a>",rayko571632,TÃœRKÄ°YE / BURSA,,,"RT @abdullahciftcib: 3-HÃ¼kÃ¼met, ODTÃœ'den ""nic.tr"" hizmetini devralmak istiyor. Yasa Ã§Ä±kartÄ±n hemen alÄ±n. ABD/ICANN yasa olmadan vermez."
Sat Dec 26 20:42:37 +0000 2015,680851231045218304,"<a href=""http://twitter.com/#!/download/ipad"" rel=""nofollow"">Twitter for iPad</a>",ber83755780,,,,"RT @abdullahciftcib: 3-HÃ¼kÃ¼met, ODTÃœ'den ""nic.tr"" hizmetini devralmak istiyor. Yasa Ã§Ä±kartÄ±n hemen alÄ±n. ABD/ICANN yasa olmadan vermez."
Sat Dec 26 20:42:31 +0000 2015,680851205816496129,"<a href=""http://twitter.com/download/android"" rel=""nofollow"">Twitter for Android</a>",izmirveizmir,"Ä°zmir, TÃ¼rkiye",,,"RT @abdullahciftcib: 3-HÃ¼kÃ¼met, ODTÃœ'den ""nic.tr"" hizmetini devralmak istiyor. Yasa Ã§Ä±kartÄ±n hemen alÄ±n. ABD/ICANN yasa olmadan vermez."
Sat Dec 26 20:42:20 +0000 2015,680851157267431424,"<a href=""http://twitter.com/download/android"" rel=""nofollow"">Twitter for Android</a>",ayegltrker,,,,"RT @abdullahciftcib: 3-HÃ¼kÃ¼met, ODTÃœ'den ""nic.tr"" hizmetini devralmak istiyor. Yasa Ã§Ä±kartÄ±n hemen alÄ±n. ABD/ICANN yasa olmadan vermez."
Sat Dec 26 20:42:15 +0000 2015,680851136199438336,"<a href=""http://twitter.com"" rel=""nofollow"">Twitter Web Client</a>",ankarabjk06,TÃ¼rkiye Ankara ,,,"RT @abdullahciftcib: 3-HÃ¼kÃ¼met, ODTÃœ'den ""nic.tr"" hizmetini devralmak istiyor. Yasa Ã§Ä±kartÄ±n hemen alÄ±n. ABD/ICANN yasa olmadan vermez."
Sat Dec 26 20:41:49 +0000 2015,680851030096134144,"<a href=""http://twitter.com"" rel=""nofollow"">Twitter Web Client</a>",abdullahciftcib,Stratejist/Siyaset/Bilim/21.yy,,,"3-HÃ¼kÃ¼met, ODTÃœ'den ""nic.tr"" hizmetini devralmak istiyor. Yasa Ã§Ä±kartÄ±n hemen alÄ±n. ABD/ICANN yasa olmadan vermez."
Sat Dec 26 18:59:08 +0000 2015,680825186128625668,"<a href=""http://www.facebook.com/twitter"" rel=""nofollow"">Facebook</a>",AnonCentralMX,La jungla de Concreto,,,"All domain names that end with Turkeyâ€™s two-letter country code .tr must be registered by NIC.tr, an... https://t.co/mPKM3RFF0c"
Sat Dec 26 18:55:15 +0000 2015,680824211896676352,"<a href=""http://www.facebook.com/twitter"" rel=""nofollow"">Facebook</a>",The_World_Save,,,,"All domain names that end with Turkeyâ€™s two-letter country code .tr must be registered by NIC.tr, an... https://t.co/o8ffcLXOhC"
Sat Dec 26 17:01:19 +0000 2015,680795536451055617,"<a href=""http://twitter.com"" rel=""nofollow"">Twitter Web Client</a>",peacelily01,UK,,,RT @markito0171: Nic.tr: Massive cyber attacks on #Turkey since days- probably by #Russia
Sat Dec 26 17:00:57 +0000 2015,680795446609113088,"<a href=""http://twitter.com/download/iphone"" rel=""nofollow"">Twitter for iPhone</a>",Scoobydoo007,,,,RT @markito0171: Nic.tr: Massive cyber attacks on #Turkey since days- probably by #Russia
Sat Dec 26 16:09:39 +0000 2015,680782535673135104,"<a href=""http://twitter.com"" rel=""nofollow"">Twitter Web Client</a>",Kali_LinuxTr,,,,Nic.TR SaldÄ±rÄ±sÄ± HakkÄ±nda https://t.co/ejUGWIq4Jg @s4dn3s aracÄ±lÄ±ÄŸÄ±yla
Sat Dec 26 14:11:25 +0000 2015,680752779875512325,"<a href=""http://twitter.com/download/android"" rel=""nofollow"">Twitter for Android</a>",umutluoglu,Istanbul,,,@s3yfullah bilgi iÅŸlem daire baÅŸkanlÄ±ÄŸÄ± 100 metre uzaklÄ±kta. bu kadar yakÄ±nken gidip nic.tr'nin hesabÄ±nÄ± sormanÄ±n tam zamanÄ± :)
Sat Dec 26 12:45:43 +0000 2015,680731213477339137,"<a href=""http://twitter.com"" rel=""nofollow"">Twitter Web Client</a>",ibrahimakcavli,,,,Nic.TR SaldÄ±rÄ±sÄ± HakkÄ±nda https://t.co/CqV8tA3OAh @h4cktimes
Sat Dec 26 10:16:34 +0000 2015,680693678889893888,"<a href=""http://www.twitter.com"" rel=""nofollow"">Twitter for Windows</a>",MEBSINAVNET,,,,â€˜ODTÃœ â€˜nic.trâ€™ tahsis yetkisini BTKâ€™ya devretmeliâ€™ https://t.co/xonsCGCJJS https://t.co/JxRNLUJPXc
Sat Dec 26 10:04:23 +0000 2015,680690611532492800,"<a href=""http://twitter.com/download/iphone"" rel=""nofollow"">Twitter for iPhone</a>",bmericc,"Ankara, Turkey",,,Nic.tr'ye yapÄ±lan saldÄ±rÄ±yÄ± kazanca dÃ¶nÃ¼ÅŸtÃ¼rmek isteyen bakanlÄ±ÄŸÄ±n TRABIM hevesi depreÅŸmiÅŸ. YazÄ±k yine kursaklarÄ±nda kalacak.
Sat Dec 26 00:42:35 +0000 2015,680549232076566529,"<a href=""http://twitter.com"" rel=""nofollow"">Twitter Web Client</a>",chryslap,,,,RT @markito0171: Nic.tr: Massive cyber attacks on #Turkey since days- probably by #Russia
Fri Dec 25 23:52:34 +0000 2015,680536643321872384,"<a href=""http://twitter.com"" rel=""nofollow"">Twitter Web Client</a>",Kaputrusnya,,,,RT @markito0171: Nic.tr: Massive cyber attacks on #Turkey since days- probably by #Russia
Fri Dec 25 22:53:20 +0000 2015,680521740062212096,"<a href=""http://twitter.com"" rel=""nofollow"">Twitter Web Client</a>",Trollololed,Arkan,,,"@anon99percenter ++ .nic.tr is governed by METU Middle East Tech. Uni. 

Now gov asks DNSs to bo controlled by Gov agency. bullshit. ++"
Fri Dec 25 22:52:11 +0000 2015,680521447861796864,"<a href=""http://twitter.com"" rel=""nofollow"">Twitter Web Client</a>",Trollololed,Arkan,,,@anon99percenter recent DDoS on DNS by amplification has put .TR DNS management into risk. Currently nic.tr holds the records. ++
Fri Dec 25 22:50:12 +0000 2015,680520948206956544,"<a href=""http://twitter.com"" rel=""nofollow"">Twitter Web Client</a>",engur,"39.861871,32.739215",,,bakanÄ±mÄ±z haklÄ±! bence #nic.tr BTK'ya devrolsun.. Hatta ulusal gÃ¼venlik konusu bu.. saldÄ±rÄ± savuÅŸturamayan bankalar da derhal BTK'ya geÃ§sin!
Fri Dec 25 22:30:41 +0000 2015,680516038161731584,"<a href=""http://twitter.com/download/android"" rel=""nofollow"">Twitter for Android</a>",Diamond1F1G1,,,,RT @markito0171: Nic.tr: Massive cyber attacks on #Turkey since days- probably by #Russia
Fri Dec 25 21:27:05 +0000 2015,680500030520832001,"<a href=""http://twitter.com"" rel=""nofollow"">Twitter Web Client</a>",YsfSngr,Ä°stanbul,,,@abdullahciftcib ripe etkileneceÄŸini anladÄ±ÄŸÄ± iÃ§in iÃ§erisinde barÄ±nan yedek nic.tr server'Ä±nÄ± kapattÄ± .
Fri Dec 25 21:20:49 +0000 2015,680498455861686272,"<a href=""http://twitter.com/download/android"" rel=""nofollow"">Twitter for Android</a>",ofcakir,Ankara,,,"KÄ±saca en bÃ¼yÃ¼k saldÄ±rÄ±lardan biri DÃ¼nya genelinde, internet hizmet saÄŸlayÄ±cÄ±larda etkilenmiÅŸ sadece nic.tr sistemleri etki altÄ±nda kalmamÄ±ÅŸ"
Fri Dec 25 21:18:09 +0000 2015,680497782352941056,"<a href=""http://twitter.com/download/android"" rel=""nofollow"">Twitter for Android</a>",ofcakir,Ankara,,,Nic.tr aÃ§Ä±klamasÄ± https://t.co/WsFED0WTMq
Fri Dec 25 20:40:53 +0000 2015,680488405709488129,"<a href=""http://twitter.com"" rel=""nofollow"">Twitter Web Client</a>",SiberSaldiriCom,,,,.TR Alan adÄ± servisi Nic.tr'ye yapÄ±lan Siber saldÄ±rÄ± ... https://t.co/YZG97fHYhY
Fri Dec 25 20:32:28 +0000 2015,680486288936562688,"<a href=""https://mobile.twitter.com"" rel=""nofollow"">Twitter Web App</a>",unaa2011,https://pbs.twimg.com/profile_images/726043060380028928/RgfXhnX5.jpg,,,RT @markito0171: Nic.tr: Massive cyber attacks on #Turkey since days- probably by #Russia
Fri Dec 25 19:58:20 +0000 2015,680477699857584132,"<a href=""http://twitter.com"" rel=""nofollow"">Twitter Web Client</a>",Akakbn,,,,"1) BÃ¼tÃ¼n ""tr"" uzantÄ±lÄ± domainlerin sadece nic.tr'ye baÄŸlÄ± olmasÄ± bÃ¼yÃ¼k bir aÃ§Ä±k saldÄ±rÄ± yapÄ±larak tÃ¼rk siteleri Ã§Ã¶kÃ¼yor!"
Fri Dec 25 18:58:21 +0000 2015,680462603940958208,"<a href=""http://twitter.com"" rel=""nofollow"">Twitter Web Client</a>",rakkoc,istanbul,,,"14/12/2015 Tarihinde BaÅŸlayan DDoS SaldÄ±rÄ±sÄ± Kamuoyu Duyurusu
Nic.TR, ODTÃœ, 21/12/2015
https://t.co/AIm2R8fINW"
Fri Dec 25 17:52:12 +0000 2015,680445956517662724,"<a href=""http://www.facebook.com/twitter"" rel=""nofollow"">Facebook</a>",kamugundemicom,Ankara,,,nic.tr'deki yavaÅŸlamalar ve siber saldÄ±rÄ± hakkÄ±nda bilinmeyenler... https://t.co/2UlqGMrnoP
Fri Dec 25 17:52:11 +0000 2015,680445949429297152,"<a href=""http://www.hootsuite.com"" rel=""nofollow"">Hootsuite</a>",kamugundemicom,Ankara,,,"nic.tr'deki yavaÅŸlamalar ve siber saldÄ±rÄ± hakkÄ±nda bilinmeyenler
https://t.co/Wt2ttKU6Fj"
Fri Dec 25 17:49:14 +0000 2015,680445208610353153,"<a href=""http://twitter.com/download/iphone"" rel=""nofollow"">Twitter for iPhone</a>",hakana,"Istanbul, WashingtonDC, London",,,"RT @BarisTURKMEN52: @hakana Hakan Bey 
SaldÄ±rÄ± bankalara deÄŸil nic.tr ye 
OnlarÄ± Ã§alÄ±ÅŸmaz ediyorlar 
Bu Ã¼lkenin siber gÃ¼venlik teÅŸkilatÄ± yoâ€¦"
Fri Dec 25 17:47:44 +0000 2015,680444832783962112,"<a href=""http://twitter.com/download/android"" rel=""nofollow"">Twitter for Android</a>",BarisTURKMEN52,Ä°stanbul,,,"@hakana Hakan Bey 
SaldÄ±rÄ± bankalara deÄŸil nic.tr ye 
OnlarÄ± Ã§alÄ±ÅŸmaz ediyorlar 
Bu Ã¼lkenin siber gÃ¼venlik teÅŸkilatÄ± yok olanlarda torpilli"
Fri Dec 25 17:19:54 +0000 2015,680437825615998976,"<a href=""http://www.facebook.com/twitter"" rel=""nofollow"">Facebook</a>",murataltincop,"Aydin, TURKIYE",,,NIC.TR'ye YapÄ±lan SaldÄ±rÄ± HakkÄ±nda Bilinmeyenler https://t.co/RjxtpZDKwo
Fri Dec 25 16:32:25 +0000 2015,680425875234525184,"<a href=""http://twitter.com"" rel=""nofollow"">Twitter Web Client</a>",rajraj_id,,,,RT @markito0171: Nic.tr: Massive cyber attacks on #Turkey since days- probably by #Russia
Fri Dec 25 15:46:15 +0000 2015,680414259428339712,"<a href=""http://twitter.com"" rel=""nofollow"">Twitter Web Client</a>",radore,"Istanbul, Turkey",,,NIC.TR'ye YapÄ±lan SaldÄ±rÄ± HakkÄ±nda Bilinmeyenler https://t.co/u1k7yykGas
Fri Dec 25 15:38:31 +0000 2015,680412312491147264,"<a href=""http://twitter.com"" rel=""nofollow"">Twitter Web Client</a>",worldonalert,Germany,,,RT @markito0171: Nic.tr: Massive cyber attacks on #Turkey since days- probably by #Russia
Fri Dec 25 14:53:12 +0000 2015,680400907952078850,"<a href=""http://twitter.com"" rel=""nofollow"">Twitter Web Client</a>",Bivi_17,,,,RT @markito0171: Nic.tr: Massive cyber attacks on #Turkey since days- probably by #Russia
Fri Dec 25 14:51:22 +0000 2015,680400447723712512,"<a href=""http://twitter.com/download/iphone"" rel=""nofollow"">Twitter for iPhone</a>",memomideast,,,,RT @markito0171: Nic.tr: Massive cyber attacks on #Turkey since days- probably by #Russia
Fri Dec 25 14:44:15 +0000 2015,680398656005095426,"<a href=""http://www.facebook.com/twitter"" rel=""nofollow"">Facebook</a>",EnjeuxEnergies,,,,"L'organisation non-gouvernementale Nic.tr, chargÃ©e d'administrer les adresses des sites internet utilisant le nom... https://t.co/84gCjYmBoT"
Fri Dec 25 14:44:13 +0000 2015,680398647733956608,"<a href=""http://www.facebook.com/twitter"" rel=""nofollow"">Facebook</a>",EnjeuxEnergies,,,,"L'organisation non-gouvernementale Nic.tr, chargÃ©e d'administrer les adresses des sites internet utilisant le nom... https://t.co/pmr2xUBa2k"
Fri Dec 25 14:11:42 +0000 2015,680390463367593984,"<a href=""http://twitter.com"" rel=""nofollow"">Twitter Web Client</a>",vuralselin1,TÃ¼rkiye,,,RT @legyndir: @legyndir neymiÅŸ zamanÄ±nda nic.tr kontrolÃ¼ BTK'ya verilmediÄŸi iÃ§in yeterli Ã¶nlem alÄ±nmamÄ±ÅŸ.
Fri Dec 25 14:10:27 +0000 2015,680390151512698880,"<a href=""http://twitter.com"" rel=""nofollow"">Twitter Web Client</a>",vuralselin1,TÃ¼rkiye,,,RT @turkinternet: ODTÃœ RektÃ¶rlÃ¼ÄŸÃ¼nden nic.TR Siber SaldÄ±rÄ±sÄ± iÃ§in AÃ§Ä±klama YapÄ±ldÄ± https://t.co/6NJ32AUKlZ  #turkinternetcom @odtu
Fri Dec 25 13:48:41 +0000 2015,680384672681951234,"<a href=""http://twitterfeed.com"" rel=""nofollow"">twitterfeed</a>",yahootaiwannews,,,,åœŸè€³å…¶é­çŒ›çƒˆç¶²æ”» ç–‘æœ‰æ”¿æ²»å‹•æ©Ÿ: ï¼ˆä¸­å¤®ç¤¾å®‰å¡æ‹‰25æ—¥ç¶œåˆå¤–é›»å ±å°ï¼‰åœŸè€³å…¶ç¶²è·¯ä¼ºæœå™¨é­åˆ°å¼·çƒˆç¶²è·¯æ”»æ“Šï¼ŒéŠ€è¡Œæœå‹™é€Ÿåº¦è®Šæ…¢ï¼Œå¼•ç™¼é€™å¯èƒ½æ˜¯å…·æœ‰æ”¿æ²»å‹•æ©Ÿçš„ç¶²æ”»çš„ç–‘æ…®ã€‚ æ³•æ–°ç¤¾å ±å°ï¼Œéæ”¿åºœçµ„ç¹”Nic.træ˜¨å¤©èªª ... https://t.co/i5PdDsKWRV
Fri Dec 25 13:10:58 +0000 2015,680375182192709632,"<a href=""http://twitter.com/download/android"" rel=""nofollow"">Twitter for Android</a>",HumanGrip,,,,RT @markito0171: Nic.tr: Massive cyber attacks on #Turkey since days- probably by #Russia
Fri Dec 25 12:56:55 +0000 2015,680371646646120448,"<a href=""http://twitter.com/#!/download/ipad"" rel=""nofollow"">Twitter for iPad</a>",UKreality,United Kingdom,,,RT @markito0171: Nic.tr: Massive cyber attacks on #Turkey since days- probably by #Russia
Fri Dec 25 12:46:30 +0000 2015,680369022496538624,"<a href=""https://www.google.com/"" rel=""nofollow"">Google</a>",udn_tw,å°ç£,,,åœŸè€³å…¶é­çŒ›çƒˆç¶²æ”» ç–‘æœ‰æ”¿æ²»å‹•æ©Ÿ: åœŸè€³å…¶ç¶²è·¯ä¼ºæœå™¨é­åˆ°å¼·çƒˆç¶²è·¯æ”»æ“Šï¼ŒéŠ€è¡Œæœå‹™é€Ÿåº¦è®Šæ…¢ï¼Œå¼•ç™¼é€™å¯èƒ½æ˜¯å…·æœ‰æ”¿æ²»å‹•æ©Ÿçš„ç¶²æ”»çš„ç–‘æ…®ã€‚æ³•æ–°ç¤¾å ±å°ï¼Œéæ”¿åºœçµ„ç¹”Nic.træ˜¨å¤©èªªï¼Œæ”»æ“Šä¼¼ä¹ä¾†è‡ªåœŸè€³å…¶ä»¥å¤–åœ°å€çš„ã€Œæœ‰çµ„ç¹”æºé ­ã€ã€‚Nic.trç®¡ç†ç¶²åŸŸâ€¦ https://t.co/kaf6d97llp
Fri Dec 25 12:25:11 +0000 2015,680363657629417476,"<a href=""http://twitter.com/download/android"" rel=""nofollow"">Twitter for Android</a>",APHClarkson,Berlondon,,,RT @markito0171: Nic.tr: Massive cyber attacks on #Turkey since days- probably by #Russia
Fri Dec 25 12:18:19 +0000 2015,680361931518140417,"<a href=""https://www.google.com/"" rel=""nofollow"">Google</a>",morgansatu,,,,åœŸè€³å…¶é­çŒ›çƒˆç¶²æ”» ç–‘æœ‰æ”¿æ²»å‹•æ©Ÿ: åœŸè€³å…¶ç¶²è·¯ä¼ºæœå™¨é­åˆ°å¼·çƒˆç¶²è·¯æ”»æ“Šï¼ŒéŠ€è¡Œæœå‹™é€Ÿåº¦è®Šæ…¢ï¼Œå¼•ç™¼é€™å¯èƒ½æ˜¯å…·æœ‰æ”¿æ²»å‹•æ©Ÿçš„ç¶²æ”»çš„ç–‘æ…®ã€‚æ³•æ–°ç¤¾å ±å°ï¼Œéæ”¿åºœçµ„ç¹”Nic.træ˜¨å¤©èªªï¼Œæ”»æ“Šä¼¼ä¹ä¾†è‡ªåœŸè€³å…¶â€¦ https://t.co/Wn5FumOYVT
Fri Dec 25 12:14:33 +0000 2015,680360981457846273,"<a href=""http://twitterfeed.com"" rel=""nofollow"">twitterfeed</a>",xinwenbobao,,,,åœŸè€³å…¶é­çŒ›çƒˆç¶²æ”» ç–‘æœ‰æ”¿æ²»å‹•æ©Ÿ: åœŸè€³å…¶ç¶²è·¯ä¼ºæœå™¨é­åˆ°å¼·çƒˆç¶²è·¯æ”»æ“Šï¼ŒéŠ€è¡Œæœå‹™é€Ÿåº¦è®Šæ…¢ï¼Œå¼•ç™¼é€™å¯èƒ½æ˜¯å…·æœ‰æ”¿æ²»å‹•æ©Ÿçš„ç¶²æ”»çš„ç–‘æ…®ã€‚æ³•æ–°ç¤¾å ±å°ï¼Œéæ”¿åºœçµ„ç¹”Nic.træ˜¨å¤©èªªï¼Œæ”»æ“Šä¼¼ä¹ä¾†è‡ªåœŸè€³å…¶ä»¥å¤–åœ°å€çš„ã€Œæœ‰çµ„ç¹”æºé ­ã€ã€‚Nic.t... https://t.co/u3bhVuGvyG
Fri Dec 25 12:03:00 +0000 2015,680358077409980421,"<a href=""http://www.twitter.com"" rel=""nofollow"">Twitter for BlackBerry</a>",S_Sokolov234,,,,RT @markito0171: Nic.tr: Massive cyber attacks on #Turkey since days- probably by #Russia
Fri Dec 25 11:59:20 +0000 2015,680357153954217989,"<a href=""http://twitter.com"" rel=""nofollow"">Twitter Web Client</a>",markito0171,xxx,,,Nic.tr: Massive cyber attacks on #Turkey since days- probably by #Russia
Fri Dec 25 10:51:06 +0000 2015,680339980099584000,"<a href=""http://twitter.com"" rel=""nofollow"">Twitter Web Client</a>",serhatm,"Amsterdam, Nederland",,,Anonymous'un ddos saldÄ±rÄ±larÄ±na karÅŸÄ± ODTÃœ'nÃ¼n aÃ§Ä±klamasÄ±. https://t.co/ehLSw2qWZK
Fri Dec 25 10:42:07 +0000 2015,680337721886404608,"<a href=""http://twitter.com/download/iphone"" rel=""nofollow"">Twitter for iPhone</a>",osman_nazar,,,,RT @kalyondigiarts: ++ manevi zarar var. Bir daha ki sefere bu ÅŸekilde bir durum yaÅŸanÄ±rsa Nic.tr gerekli Ã¶nlemleri alÄ±r mÄ±? AsÄ±l soru bu. â€¦
Fri Dec 25 10:31:30 +0000 2015,680335048453812224,"<a href=""http://twitter.com"" rel=""nofollow"">Twitter Web Client</a>",keremfndk,,,,.@METU_ODTU Siber saldÄ±rÄ±lar hakkÄ±nda bir aÃ§Ä±klamanÄ±z. Nic.tr'deki en son aÃ§Ä±klamanÄ±z aÅŸaÄŸÄ±da. #nic #odtu https://t.co/kZ0QgQQOKC
Fri Dec 25 09:55:44 +0000 2015,680326049981448192,"<a href=""http://twitter.com"" rel=""nofollow"">Twitter Web Client</a>",siberest,Ankara,,,"TÃ¼rkiye'nin en kritik temel altyapÄ±larÄ±na (ISP, Nic.Tr, BankacÄ±lÄ±k) olan saldÄ±rÄ±larÄ±n daha spesifik kamu ve askeri kurumlara artarak..."
Fri Dec 25 09:42:23 +0000 2015,680322689442123776,"<a href=""http://twitter.com/download/android"" rel=""nofollow"">Twitter for Android</a>",nadnann,"Ä°stanbul, TÃ¼rkiye",,,"""DDOS diye nic.tr'sine saldÄ±rdÄ±m""

Anonymous  https://t.co/wdm3N3oiYh"
Fri Dec 25 08:56:57 +0000 2015,680311256524406785,"<a href=""http://twitter.com/download/iphone"" rel=""nofollow"">Twitter for iPhone</a>",kasimerkan,,,,RT @turkinternet: ODTÃœ RektÃ¶rlÃ¼ÄŸÃ¼nden nic.TR Siber SaldÄ±rÄ±sÄ± iÃ§in AÃ§Ä±klama YapÄ±ldÄ± https://t.co/6NJ32AUKlZ  #turkinternetcom @odtu
Fri Dec 25 08:45:06 +0000 2015,680308272637841408,"<a href=""http://www.hootsuite.com"" rel=""nofollow"">Hootsuite</a>",turkinternet,Turkey,,,ODTÃœ RektÃ¶rlÃ¼ÄŸÃ¼nden nic.TR Siber SaldÄ±rÄ±sÄ± iÃ§in AÃ§Ä±klama YapÄ±ldÄ± https://t.co/6NJ32AUKlZ  #turkinternetcom @odtu
Fri Dec 25 08:02:04 +0000 2015,680297442382884865,"<a href=""http://twitter.com"" rel=""nofollow"">Twitter Web Client</a>",vcoskun,Turkey,,,"Turkiye internet altyapÄ±sÄ±na yÃ¶nelik saldÄ±rÄ± hakkÄ±ndaki Nic.tr aÃ§Ä±klamasÄ±. SaldÄ±rÄ± dÃ¼nyadaki en bÃ¼yÃ¼klerinden biri
  https://t.co/myakCUAK7C"
Fri Dec 25 07:54:28 +0000 2015,680295532095488000,"<a href=""http://twitter.com"" rel=""nofollow"">Twitter Web Client</a>",dadaruh,Silivri Sulukule Hawai Anadolu,,,nic.tr saldÄ±rÄ±larÄ±yla bankalara yÃ¶nelik saldÄ±rÄ±larÄ±n kaynaÄŸÄ± aynÄ± mÄ± bilmiyoruz fakat ODTÃœ ile ilgili kÄ±sÄ±mda Ã¶zet; https://t.co/IdJyXOGrnm
Fri Dec 25 07:54:28 +0000 2015,680295532095488000,"<a href=""http://twitter.com"" rel=""nofollow"">Twitter Web Client</a>",dadaruh,Silivri Sulukule Hawai Anadolu,,,nic.tr saldÄ±rÄ±larÄ±yla bankalara yÃ¶nelik saldÄ±rÄ±larÄ±n kaynaÄŸÄ± aynÄ± mÄ± bilmiyoruz fakat ODTÃœ ile ilgili kÄ±sÄ±mda Ã¶zet; https://t.co/IdJyXOGrnm
Fri Dec 25 07:13:42 +0000 2015,680285272483991552,"<a href=""http://twitter.com/download/android"" rel=""nofollow"">Twitter for Android</a>",atifunaldi,"Mersin, TÃ¼rkiye",,,@EbruBaki nic.tr isi ile internet backboneunu karistirmamak gerek
Fri Dec 25 05:49:17 +0000 2015,680264025935114240,"<a href=""http://twitter.com/download/android"" rel=""nofollow"">Twitter for Android</a>",dirigeant,"Leeds, West Yorkshire",,,@vevrin @TKNLJ orasi kesin. Nic.tr saldirisi sonrasi da kendilerini kahraman ilan ettiler. Kabloyu kesip bizi karanliklardan kurtarmislar.
Fri Dec 25 05:31:54 +0000 2015,680259652198596608,"<a href=""http://twitter.com/download/android"" rel=""nofollow"">Twitter for Android</a>",ixmailsaygili,Ä°stanbul,,,"@muhammedtrn9 Merhaba, https://t.co/RRMzKt2URM ""Nic.TR SaldÄ±rÄ±sÄ± HakkÄ±nda"" yazÄ±mÄ±zÄ± okuyabilirsiniz."
Thu Dec 24 23:53:13 +0000 2015,680174419000619008,"<a href=""http://twitter.com/download/android"" rel=""nofollow"">Twitter for Android</a>",kalyondigiarts,"Ä°stanbul, TÃ¼rkiye",,,++ manevi zarar var. Bir daha ki sefere bu ÅŸekilde bir durum yaÅŸanÄ±rsa Nic.tr gerekli Ã¶nlemleri alÄ±r mÄ±? AsÄ±l soru bu. #sibersaldiri #nictr
Thu Dec 24 23:34:25 +0000 2015,680169689096519680,"<a href=""http://twitter.com/download/iphone"" rel=""nofollow"">Twitter for iPhone</a>",yasinyaka,,,,anonymous ODTÃœ'nÃ¼n sorumlu olduÄŸu tr uzantÄ±larÄ±na yani nic.tr'ye saldÄ±rÄ±yor. bunu Ã¶nlemek ODTÃœ'nÃ¼n iÅŸi. ama onlar mescitler ile uÄŸraÅŸÄ±yor!
Thu Dec 24 21:06:57 +0000 2015,680132578616184835,"<a href=""http://twitter.com"" rel=""nofollow"">Twitter Web Client</a>",aksigalaksi_,istanbul,,,"""..stratejik olarak NIC.tr'yi hedeflemiÅŸ olmasÄ±, saldÄ±rÄ±yÄ± .. oldukÃ§a profesyonel bir kiÅŸi veya grubun yapmakta olduÄŸuna iÅŸaret ediyor"""
